email,name
devagrawal28@gmail.com,dev agra
devsagrawal28@gmail.com,devshalinkumar
meinkej@mac.com,devshalinkumar
lauronen@hotmail.com,devshalinkumar
flaviog@me.com,devshalinkumar
stinson@hotmail.com,devshalinkumar
kjetilk@mac.com,devshalinkumar
skythe@comcast.net,devshalinkumar
evilopie@comcast.net,devshalinkumar
jrifkin@outlook.com,devshalinkumar
retoh@hotmail.com,devshalinkumar
irving@icloud.com,devshalinkumar
chrwin@hotmail.com,devshalinkumar
ianbuck@outlook.com,devshalinkumar
monopole@aol.com,devshalinkumar
seemant@comcast.net,devshalinkumar
helger@mac.com,devshalinkumar
cosimo@mac.com,devshalinkumar
cgreuter@hotmail.com,devshalinkumar
bdbrown@msn.com,devshalinkumar
eegsa@att.net,devshalinkumar
galbra@sbcglobal.net,devshalinkumar
mcrawfor@yahoo.ca,devshalinkumar
improv@optonline.net,devshalinkumar
stevelim@mac.com,devshalinkumar
corrada@me.com,devshalinkumar
redingtn@gmail.com,devshalinkumar
reeds@live.com,devshalinkumar
mahbub@yahoo.com,devshalinkumar
noodles@msn.com,devshalinkumar
epeeist@yahoo.ca,devshalinkumar
pemungkah@comcast.net,devshalinkumar
jeffcovey@att.net,devshalinkumar
starstuff@live.com,devshalinkumar
mhanoh@aol.com,devshalinkumar
granboul@comcast.net,devshalinkumar
animats@sbcglobal.net,devshalinkumar
jemarch@live.com,devshalinkumar
rsteiner@hotmail.com,devshalinkumar
andale@yahoo.ca,devshalinkumar
report@aol.com,devshalinkumar
msroth@icloud.com,devshalinkumar
muadip@aol.com,devshalinkumar
farber@optonline.net,devshalinkumar
neuffer@comcast.net,devshalinkumar
dieman@icloud.com,devshalinkumar
jdhedden@outlook.com,devshalinkumar
seemant@sbcglobal.net,devshalinkumar
dburrows@icloud.com,devshalinkumar
gavollink@aol.com,devshalinkumar
msherr@att.net,devshalinkumar
garyjb@yahoo.ca,devshalinkumar
overbom@yahoo.com,devshalinkumar
gravyface@icloud.com,devshalinkumar
magusnet@mac.com,devshalinkumar
kjohnson@mac.com,devshalinkumar
sopwith@hotmail.com,devshalinkumar
pthomsen@optonline.net,devshalinkumar
pplinux@verizon.net,devshalinkumar
jacks@comcast.net,devshalinkumar
cosimo@comcast.net,devshalinkumar
multiplx@yahoo.ca,devshalinkumar
studyabr@yahoo.com,devshalinkumar
drolsky@yahoo.com,devshalinkumar
njpayne@mac.com,devshalinkumar
howler@comcast.net,devshalinkumar
gastown@optonline.net,devshalinkumar
jdray@mac.com,devshalinkumar
sjava@icloud.com,devshalinkumar
mnemonic@comcast.net,devshalinkumar
dwsauder@mac.com,devshalinkumar
matloff@mac.com,devshalinkumar
gbacon@optonline.net,devshalinkumar
ardagna@mac.com,devshalinkumar
vganesh@hotmail.com,devshalinkumar
nasarius@yahoo.ca,devshalinkumar
skoch@outlook.com,devshalinkumar
report@aol.com,devshalinkumar
smeier@icloud.com,devshalinkumar
lbaxter@optonline.net,devshalinkumar
juliano@me.com,devshalinkumar
carroll@me.com,devshalinkumar
