email,name,registration_number
dev.219301509@muj.manipal.edu,devshalin,219301509
devagrawaltp@gmail.com,deagrawal,219301510
devagrawaltp1@gmail.com,qwer,219301511
devagrawaltp2@gmail.com,qwere,219301512
devagrawaltp3@gmail.com,qwerty,219301513
devagrawaltp4@gmail.com,qwertyu,219301514
devagrawaltp5@gmail.com,ertyui,219301515
devagrawaltp6@gmail.com,edr,219301516
devagrawaltp7@gmail.com,ghnbh,219301517
devagrawaltp8@gmail.com,cedx,219301518
devagrawaltp9@gmail.com,xed2,219301519
devagrawaltp10@gmail.com,x2ed,219301520
devagrawaltp11@gmail.com,x2ed,219301521
devagrawaltp12@gmail.com,x2ed,219301522
devagrawaltp13@gmail.com,2x3,219301523
devagrawaltp14@gmail.com,wsxedcfr,219301524
devagrawaltp15@gmail.com,fcetgrbhy,219301525
devagrawaltp16@gmail.com,rgbhy,219301526
devagrawaltp17@gmail.com,vtgrbhy,219301527
geebe@sbcglobal.net,vtgrbhy,219301528
symbolic@optonline.net,vtgrbhy,219301529
kassiesa@sbcglobal.net,vtgrbhy,219301530
dogdude@yahoo.com,vtgrbhy,219301531
bockelboy@icloud.com,vtgrbhy,219301532
eimear@icloud.com,vtgrbhy,219301533
jgwang@hotmail.com,vtgrbhy,219301534
chronos@yahoo.com,vtgrbhy,219301535
nighthawk@me.com,vtgrbhy,219301536
morain@icloud.com,vtgrbhy,219301537
joglo@live.com,vtgrbhy,219301538
yangyan@att.net,vtgrbhy,219301539
scottzed@icloud.com,vtgrbhy,219301540
airship@yahoo.ca,vtgrbhy,219301541
improv@sbcglobal.net,vtgrbhy,219301542
ajohnson@gmail.com,vtgrbhy,219301543
nweaver@yahoo.com,vtgrbhy,219301544
conteb@att.net,vtgrbhy,219301545
tbmaddux@outlook.com,vtgrbhy,219301546
imightb@comcast.net,vtgrbhy,219301547
pspoole@me.com,vtgrbhy,219301548
kassiesa@yahoo.com,vtgrbhy,219301549
pjacklam@outlook.com,vtgrbhy,219301550
rhialto@yahoo.ca,vtgrbhy,219301551
jusdisgi@icloud.com,vtgrbhy,219301552
bhtower@outlook.com,vtgrbhy,219301553
warrior@icloud.com,vtgrbhy,219301555
tangsh@comcast.net,vtgrbhy,219301556
lishoy@live.com,vtgrbhy,219301557
tamas@icloud.com,vtgrbhy,219301558
delpino@yahoo.com,vtgrbhy,219301559
bryanw@gmail.com,vtgrbhy,219301560
andrei@live.com,vtgrbhy,219301561
osrin@verizon.net,vtgrbhy,219301562
duchamp@outlook.com,vtgrbhy,219301563
bflong@att.net,vtgrbhy,219301564
fudrucker@aol.com,vtgrbhy,219301565
osaru@aol.com,vtgrbhy,219301566
hikoza@yahoo.com,vtgrbhy,219301567
hakim@yahoo.ca,vtgrbhy,219301568
henkp@mac.com,vtgrbhy,219301569
jfinke@yahoo.com,vtgrbhy,219301570
hmbrand@optonline.net,vtgrbhy,219301571
dprice@verizon.net,vtgrbhy,219301572
hllam@aol.com,vtgrbhy,219301573
spadkins@aol.com,vtgrbhy,219301574
oster@gmail.com,vtgrbhy,219301575
rsteiner@yahoo.com,vtgrbhy,219301576
rgarton@gmail.com,vtgrbhy,219301577
chaffar@yahoo.ca,vtgrbhy,219301578
djpig@optonline.net,vtgrbhy,219301579
marnanel@live.com,vtgrbhy,219301580
alhajj@optonline.net,vtgrbhy,219301581
bcevc@mac.com,vtgrbhy,219301582
eidac@mac.com,vtgrbhy,219301583
unreal@live.com,vtgrbhy,219301584
kewley@outlook.com,vtgrbhy,219301585
william@msn.com,vtgrbhy,219301586
henkp@att.net,vtgrbhy,219301587
leocharre@att.net,vtgrbhy,219301588
slanglois@mac.com,vtgrbhy,219301589
zeitlin@icloud.com,vtgrbhy,219301590
pereinar@optonline.net,vtgrbhy,219301591
slaff@gmail.com,vtgrbhy,219301592
storerm@me.com,vtgrbhy,219301593
jespley@sbcglobal.net,vtgrbhy,219301594
padme@att.net,vtgrbhy,219301595
jginspace@aol.com,vtgrbhy,219301596
leslie@optonline.net,vtgrbhy,219301597
dartlife@msn.com,vtgrbhy,219301598
nwiger@aol.com,vtgrbhy,219301599
afifi@icloud.com,vtgrbhy,219301600
sbmrjbr@att.net,vtgrbhy,219301601
stakasa@sbcglobal.net,vtgrbhy,219301602
pkilab@att.net,vtgrbhy,219301603
webinc@live.com,vtgrbhy,219301604
jshirley@outlook.com,vtgrbhy,219301605
pemungkah@icloud.com,vtgrbhy,219301606
tezbo@mac.com,vtgrbhy,219301607
rtanter@yahoo.com,vtgrbhy,219301608
ijackson@aol.com,vtgrbhy,219301609
ismail@me.com,vtgrbhy,219301610
jramio@att.net,vtgrbhy,219301611
sburke@me.com,vtgrbhy,219301612
steve@mac.com,vtgrbhy,219301613
lahvak@live.com,vtgrbhy,219301614
mallanmba@optonline.net,vtgrbhy,219301615
horrocks@aol.com,vtgrbhy,219301616
engelen@comcast.net,vtgrbhy,219301617
maikelnai@gmail.com,vtgrbhy,219301618
matty@me.com,vtgrbhy,219301619
dawnsong@msn.com,vtgrbhy,219301620
qrczak@yahoo.ca,vtgrbhy,219301621
sisyphus@comcast.net,vtgrbhy,219301622
animats@optonline.net,vtgrbhy,219301623
attwood@msn.com,vtgrbhy,219301624
gomor@mac.com,vtgrbhy,219301625
augusto@att.net,vtgrbhy,219301626
aschmitz@verizon.net,vtgrbhy,219301627
snunez@icloud.com,vtgrbhy,219301628
dgatwood@att.net,vtgrbhy,219301629
suresh@verizon.net,vtgrbhy,219301630
frederic@aol.com,vtgrbhy,219301631
squirrel@optonline.net,vtgrbhy,219301632
noticias@att.net,vtgrbhy,219301633
codex@me.com,vtgrbhy,219301634
kudra@gmail.com,vtgrbhy,219301635
lahvak@me.com,vtgrbhy,219301636
demmel@hotmail.com,vtgrbhy,219301637
milton@msn.com,vtgrbhy,219301638
hmbrand@hotmail.com,vtgrbhy,219301639
pierce@yahoo.ca,vtgrbhy,219301640
meinkej@att.net,vtgrbhy,219301641
metzzo@comcast.net,vtgrbhy,219301642
balchen@gmail.com,vtgrbhy,219301643
konit@aol.com,vtgrbhy,219301644
drolsky@yahoo.com,vtgrbhy,219301645
jaffe@aol.com,vtgrbhy,219301646
monkeydo@outlook.com,vtgrbhy,219301647
goresky@yahoo.com,vtgrbhy,219301648
mavilar@comcast.net,vtgrbhy,219301649
atmarks@icloud.com,vtgrbhy,219301650
zeller@optonline.net,vtgrbhy,219301651
thaljef@icloud.com,vtgrbhy,219301652
samavati@icloud.com,vtgrbhy,219301653
mcraigw@me.com,vtgrbhy,219301654
uqmcolyv@comcast.net,vtgrbhy,219301655
psichel@msn.com,vtgrbhy,219301656
leslie@sbcglobal.net,vtgrbhy,219301657
chrisj@yahoo.com,vtgrbhy,219301658
bahwi@aol.com,vtgrbhy,219301659
cmdrgravy@mac.com,vtgrbhy,219301660
drjlaw@msn.com,vtgrbhy,219301661
inico@outlook.com,vtgrbhy,219301662
jemarch@comcast.net,vtgrbhy,219301663
jipsen@outlook.com,vtgrbhy,219301664
noneme@att.net,vtgrbhy,219301665
gslondon@outlook.com,vtgrbhy,219301666
hahsler@gmail.com,vtgrbhy,219301667
thassine@icloud.com,vtgrbhy,219301668
tubesteak@yahoo.ca,vtgrbhy,219301669
helger@me.com,vtgrbhy,219301670
bdbrown@yahoo.com,vtgrbhy,219301671
muadip@sbcglobal.net,vtgrbhy,219301672
geekgrl@live.com,vtgrbhy,219301673
fviegas@optonline.net,vtgrbhy,219301674
liedra@verizon.net,vtgrbhy,219301675
chunzi@att.net,vtgrbhy,219301676
gospodin@outlook.com,vtgrbhy,219301677
danneng@mac.com,vtgrbhy,219301678
phish@yahoo.ca,vtgrbhy,219301679
peoplesr@yahoo.com,vtgrbhy,219301680
psharpe@verizon.net,vtgrbhy,219301681
iapetus@me.com,vtgrbhy,219301682
portele@me.com,vtgrbhy,219301683
esbeck@aol.com,vtgrbhy,219301684
klaudon@verizon.net,vtgrbhy,219301685
schwaang@outlook.com,vtgrbhy,219301686
pakaste@verizon.net,vtgrbhy,219301687
thrymm@yahoo.ca,vtgrbhy,219301688
ehood@verizon.net,vtgrbhy,219301689
pgolle@hotmail.com,vtgrbhy,219301690
frode@live.com,vtgrbhy,219301691
skoch@verizon.net,vtgrbhy,219301692
pgottsch@verizon.net,vtgrbhy,219301693
alastair@gmail.com,vtgrbhy,219301694
british@live.com,vtgrbhy,219301695
ngedmond@mac.com,vtgrbhy,219301696
cfhsoft@verizon.net,vtgrbhy,219301697
sblack@me.com,vtgrbhy,219301698
tellis@att.net,vtgrbhy,219301699
adillon@gmail.com,vtgrbhy,219301700
mbswan@aol.com,vtgrbhy,219301701
british@yahoo.com,vtgrbhy,219301702
chaikin@aol.com,vtgrbhy,219301703
saridder@verizon.net,vtgrbhy,219301704
damian@sbcglobal.net,vtgrbhy,219301705
neonatus@live.com,vtgrbhy,219301706
gemmell@gmail.com,vtgrbhy,219301707
kramulous@comcast.net,vtgrbhy,219301708
fviegas@msn.com,vtgrbhy,219301709
yfreund@comcast.net,vtgrbhy,219301710
curly@msn.com,vtgrbhy,219301711
bogjobber@live.com,vtgrbhy,219301712
johnh@yahoo.com,vtgrbhy,219301713
lridener@live.com,vtgrbhy,219301714
mddallara@mac.com,vtgrbhy,219301715
ebassi@msn.com,vtgrbhy,219301716
stefano@live.com,vtgrbhy,219301717
attwood@mac.com,vtgrbhy,219301718
mrdvt@live.com,vtgrbhy,219301719
noahb@hotmail.com,vtgrbhy,219301720
suresh@yahoo.com,vtgrbhy,219301721
pakaste@hotmail.com,vtgrbhy,219301722
weidai@aol.com,vtgrbhy,219301723
schumer@live.com,vtgrbhy,219301724
johnbob@verizon.net,vtgrbhy,219301725
mwandel@msn.com,vtgrbhy,219301726
dbanarse@verizon.net,vtgrbhy,219301727
torgox@mac.com,vtgrbhy,219301728
codex@gmail.com,vtgrbhy,219301729
lbecchi@hotmail.com,vtgrbhy,219301730
drolsky@me.com,vtgrbhy,219301731
damian@comcast.net,vtgrbhy,219301732
penna@sbcglobal.net,vtgrbhy,219301733
yzheng@optonline.net,vtgrbhy,219301734
gtaylor@yahoo.com,vtgrbhy,219301735
william@sbcglobal.net,vtgrbhy,219301736
arnold@verizon.net,vtgrbhy,219301737
wbarker@outlook.com,vtgrbhy,219301738
emmanuel@verizon.net,vtgrbhy,219301739
naupa@live.com,vtgrbhy,219301740
fmerges@yahoo.ca,vtgrbhy,219301741
stomv@outlook.com,vtgrbhy,219301742
bastian@live.com,vtgrbhy,219301743
geeber@outlook.com,vtgrbhy,219301744
bmcmahon@me.com,vtgrbhy,219301745
michiel@hotmail.com,vtgrbhy,219301746
dbrobins@att.net,vtgrbhy,219301747
malin@sbcglobal.net,vtgrbhy,219301748
webinc@att.net,vtgrbhy,219301749
boomzilla@optonline.net,vtgrbhy,219301750
purvis@live.com,vtgrbhy,219301751
rfisher@icloud.com,vtgrbhy,219301752
dsowsy@msn.com,vtgrbhy,219301753
mgreen@outlook.com,vtgrbhy,219301754
jsmith@me.com,vtgrbhy,219301755
carreras@msn.com,vtgrbhy,219301756
fatelk@att.net,vtgrbhy,219301757
world@me.com,vtgrbhy,219301758
hllam@verizon.net,vtgrbhy,219301759
yruan@sbcglobal.net,vtgrbhy,219301760
mailarc@sbcglobal.net,vtgrbhy,219301761
lauronen@mac.com,vtgrbhy,219301762
itstatus@att.net,vtgrbhy,219301763
jgoerzen@att.net,vtgrbhy,219301764
cosimo@aol.com,vtgrbhy,219301765
ebassi@outlook.com,vtgrbhy,219301766
amichalo@aol.com,vtgrbhy,219301767
druschel@live.com,vtgrbhy,219301768
snunez@hotmail.com,vtgrbhy,219301769
mglee@live.com,vtgrbhy,219301770
codex@msn.com,vtgrbhy,219301771
bebing@msn.com,vtgrbhy,219301772
glenz@gmail.com,vtgrbhy,219301773
konst@msn.com,vtgrbhy,219301774
jbarta@icloud.com,vtgrbhy,219301775
bsikdar@aol.com,vtgrbhy,219301776
roamer@comcast.net,vtgrbhy,219301777
bastian@live.com,vtgrbhy,219301778
bsikdar@yahoo.ca,vtgrbhy,219301779
sinclair@msn.com,vtgrbhy,219301780
bmorrow@hotmail.com,vtgrbhy,219301781
sblack@optonline.net,vtgrbhy,219301782
agolomsh@sbcglobal.net,vtgrbhy,219301783
kimvette@yahoo.com,vtgrbhy,219301784
aprakash@aol.com,vtgrbhy,219301785
jbarta@icloud.com,vtgrbhy,219301786
zavadsky@sbcglobal.net,vtgrbhy,219301787
johnbob@msn.com,vtgrbhy,219301788
vganesh@att.net,vtgrbhy,219301789
balchen@msn.com,vtgrbhy,219301790
bdthomas@msn.com,vtgrbhy,219301791
library@sbcglobal.net,vtgrbhy,219301792
andrewik@me.com,vtgrbhy,219301793
mddallara@comcast.net,vtgrbhy,219301794
jeteve@att.net,vtgrbhy,219301795
nanop@msn.com,vtgrbhy,219301796
bradl@aol.com,vtgrbhy,219301797
aschmitz@gmail.com,vtgrbhy,219301798
bsikdar@verizon.net,vtgrbhy,219301799
lamky@yahoo.com,vtgrbhy,219301800
wojciech@comcast.net,vtgrbhy,219301801
unreal@optonline.net,vtgrbhy,219301802
tjensen@mac.com,vtgrbhy,219301803
caronni@aol.com,vtgrbhy,219301804
jtorkbob@comcast.net,vtgrbhy,219301805
lushe@gmail.com,vtgrbhy,219301806
grolschie@sbcglobal.net,vtgrbhy,219301807
osrin@sbcglobal.net,vtgrbhy,219301808
shrapnull@verizon.net,vtgrbhy,219301809
chaki@yahoo.ca,vtgrbhy,219301810
scottlee@yahoo.ca,vtgrbhy,219301811
mcsporran@hotmail.com,vtgrbhy,219301812
schwaang@gmail.com,vtgrbhy,219301813
loscar@live.com,vtgrbhy,219301814
nweaver@live.com,vtgrbhy,219301815
kayvonf@msn.com,vtgrbhy,219301816
pavel@icloud.com,vtgrbhy,219301817
calin@att.net,vtgrbhy,219301818
lukka@att.net,vtgrbhy,219301819
kspiteri@outlook.com,vtgrbhy,219301820
geoffr@me.com,vtgrbhy,219301821
purvis@mac.com,vtgrbhy,219301822
sblack@yahoo.ca,vtgrbhy,219301823
harryh@yahoo.com,vtgrbhy,219301824
gfxguy@outlook.com,vtgrbhy,219301825
kevinm@me.com,vtgrbhy,219301826
marcs@icloud.com,vtgrbhy,219301827
doormat@hotmail.com,vtgrbhy,219301828
credmond@yahoo.com,vtgrbhy,219301829
violinhi@msn.com,vtgrbhy,219301830
catalog@yahoo.ca,vtgrbhy,219301831
pfitza@mac.com,vtgrbhy,219301832
seanq@live.com,vtgrbhy,219301833
grolschie@yahoo.ca,vtgrbhy,219301834
koudas@verizon.net,vtgrbhy,219301835
isorashi@outlook.com,vtgrbhy,219301836
koudas@live.com,vtgrbhy,219301837
gozer@yahoo.com,vtgrbhy,219301838
rnewman@hotmail.com,vtgrbhy,219301839
rattenbt@comcast.net,vtgrbhy,219301840
syncnine@msn.com,vtgrbhy,219301841
qmacro@gmail.com,vtgrbhy,219301842
inico@msn.com,vtgrbhy,219301843
shawnce@msn.com,vtgrbhy,219301844
hstiles@mac.com,vtgrbhy,219301845
sscorpio@mac.com,vtgrbhy,219301846
chinthaka@me.com,vtgrbhy,219301847
sherzodr@comcast.net,vtgrbhy,219301848
pspoole@optonline.net,vtgrbhy,219301849
meinkej@me.com,vtgrbhy,219301850
sarahs@yahoo.com,vtgrbhy,219301851
gumpish@live.com,vtgrbhy,219301852
mobileip@hotmail.com,vtgrbhy,219301853
mdielmann@yahoo.com,vtgrbhy,219301854
engelen@icloud.com,vtgrbhy,219301855
howler@optonline.net,vtgrbhy,219301856
jesse@comcast.net,vtgrbhy,219301857
andrei@optonline.net,vtgrbhy,219301858
netsfr@aol.com,vtgrbhy,219301859
miltchev@msn.com,vtgrbhy,219301860
telbij@yahoo.ca,vtgrbhy,219301861
shrapnull@gmail.com,vtgrbhy,219301862
jonas@yahoo.ca,vtgrbhy,219301863
scarolan@att.net,vtgrbhy,219301864
thrymm@att.net,vtgrbhy,219301865
bulletin@verizon.net,vtgrbhy,219301866
lipeng@hotmail.com,vtgrbhy,219301867
speeves@att.net,vtgrbhy,219301868
drewf@mac.com,vtgrbhy,219301869
mastinfo@gmail.com,vtgrbhy,219301870
ducasse@sbcglobal.net,vtgrbhy,219301871
offthelip@me.com,vtgrbhy,219301872
lukka@sbcglobal.net,vtgrbhy,219301873
hllam@yahoo.ca,vtgrbhy,219301874
maradine@comcast.net,vtgrbhy,219301875
tskirvin@gmail.com,vtgrbhy,219301876
singh@verizon.net,vtgrbhy,219301877
vmalik@att.net,vtgrbhy,219301878
grossman@verizon.net,vtgrbhy,219301879
sjava@msn.com,vtgrbhy,219301880
enintend@verizon.net,vtgrbhy,219301881
johndo@optonline.net,vtgrbhy,219301882
esokullu@yahoo.ca,vtgrbhy,219301883
jsnover@comcast.net,vtgrbhy,219301884
eurohack@gmail.com,vtgrbhy,219301885
plover@aol.com,vtgrbhy,219301886
gfxguy@mac.com,vtgrbhy,219301887
unreal@yahoo.com,vtgrbhy,219301888
keiji@verizon.net,vtgrbhy,219301889
inico@comcast.net,vtgrbhy,219301890
stewwy@outlook.com,vtgrbhy,219301891
sacraver@aol.com,vtgrbhy,219301892
rhialto@yahoo.ca,vtgrbhy,219301893
saridder@icloud.com,vtgrbhy,219301894
chaki@outlook.com,vtgrbhy,219301895
bmorrow@aol.com,vtgrbhy,219301896
kempsonc@verizon.net,vtgrbhy,219301897
kobayasi@yahoo.ca,vtgrbhy,219301898
sassen@icloud.com,vtgrbhy,219301899
pgottsch@hotmail.com,vtgrbhy,219301900
kludge@att.net,vtgrbhy,219301901
grolschie@mac.com,vtgrbhy,219301902
nachbaur@yahoo.ca,vtgrbhy,219301903
mobileip@icloud.com,vtgrbhy,219301904
webteam@verizon.net,vtgrbhy,219301905
kspiteri@hotmail.com,vtgrbhy,219301906
phyruxus@outlook.com,vtgrbhy,219301907
mhanoh@mac.com,vtgrbhy,219301908
mcmillan@yahoo.com,vtgrbhy,219301909
aegreene@hotmail.com,vtgrbhy,219301910
pemungkah@icloud.com,vtgrbhy,219301911
retoh@hotmail.com,vtgrbhy,219301912
donev@att.net,vtgrbhy,219301913
purvis@mac.com,vtgrbhy,219301914
cyrus@aol.com,vtgrbhy,219301915
feamster@sbcglobal.net,vtgrbhy,219301916
jrkorson@live.com,vtgrbhy,219301917
bastian@optonline.net,vtgrbhy,219301918
eegsa@msn.com,vtgrbhy,219301919
stefano@msn.com,vtgrbhy,219301920
mfleming@sbcglobal.net,vtgrbhy,219301921
pjacklam@yahoo.com,vtgrbhy,219301922
bbirth@live.com,vtgrbhy,219301923
miturria@msn.com,vtgrbhy,219301924
sakusha@aol.com,vtgrbhy,219301925
hellfire@mac.com,vtgrbhy,219301926
kspiteri@msn.com,vtgrbhy,219301927
dprice@me.com,vtgrbhy,219301928
leocharre@icloud.com,vtgrbhy,219301929
sekiya@msn.com,vtgrbhy,219301930
giafly@comcast.net,vtgrbhy,219301931
snunez@outlook.com,vtgrbhy,219301932
sartak@live.com,vtgrbhy,219301933
rfoley@att.net,vtgrbhy,219301934
juerd@gmail.com,vtgrbhy,219301935
matsn@verizon.net,vtgrbhy,219301936
mhassel@icloud.com,vtgrbhy,219301937
weidai@aol.com,vtgrbhy,219301938
miturria@gmail.com,vtgrbhy,219301939
calin@mac.com,vtgrbhy,219301940
khris@me.com,vtgrbhy,219301941
mcmillan@verizon.net,vtgrbhy,219301942
tamas@att.net,vtgrbhy,219301943
mallanmba@verizon.net,vtgrbhy,219301944
sequin@comcast.net,vtgrbhy,219301945
offthelip@mac.com,vtgrbhy,219301946
drolsky@aol.com,vtgrbhy,219301947
chunzi@gmail.com,vtgrbhy,219301948
blixem@msn.com,vtgrbhy,219301949
konst@sbcglobal.net,vtgrbhy,219301950
jsbach@sbcglobal.net,vtgrbhy,219301951
linuxhack@icloud.com,vtgrbhy,219301952
amcuri@sbcglobal.net,vtgrbhy,219301953
osrin@hotmail.com,vtgrbhy,219301954
offthelip@att.net,vtgrbhy,219301955
uraeus@outlook.com,vtgrbhy,219301956
mavilar@live.com,vtgrbhy,219301957
campware@yahoo.com,vtgrbhy,219301958
chinthaka@msn.com,vtgrbhy,219301959
pgolle@hotmail.com,vtgrbhy,219301960
burniske@mac.com,vtgrbhy,219301961
british@icloud.com,vtgrbhy,219301962
stevelim@yahoo.com,vtgrbhy,219301963
tubajon@msn.com,vtgrbhy,219301964
hmbrand@mac.com,vtgrbhy,219301965
petersko@icloud.com,vtgrbhy,219301966
marin@hotmail.com,vtgrbhy,219301967
jwarren@live.com,vtgrbhy,219301968
cremonini@me.com,vtgrbhy,219301969
vganesh@live.com,vtgrbhy,219301970
oster@outlook.com,vtgrbhy,219301971
markjugg@gmail.com,vtgrbhy,219301972
flakeg@att.net,vtgrbhy,219301973
aracne@outlook.com,vtgrbhy,219301974
animats@verizon.net,vtgrbhy,219301975
pkplex@att.net,vtgrbhy,219301976
jginspace@hotmail.com,vtgrbhy,219301977
marin@comcast.net,vtgrbhy,219301978
juerd@yahoo.com,vtgrbhy,219301979
mstrout@verizon.net,vtgrbhy,219301980
jbearp@msn.com,vtgrbhy,219301981
gtaylor@verizon.net,vtgrbhy,219301982
sisyphus@comcast.net,vtgrbhy,219301983
rgarton@sbcglobal.net,vtgrbhy,219301984
petersen@sbcglobal.net,vtgrbhy,219301985
jemarch@gmail.com,vtgrbhy,219301986
gslondon@gmail.com,vtgrbhy,219301987
lamprecht@live.com,vtgrbhy,219301988
rfoley@icloud.com,vtgrbhy,219301989
ngedmond@att.net,vtgrbhy,219301990
roesch@verizon.net,vtgrbhy,219301991
fudrucker@gmail.com,vtgrbhy,219301992
jesse@att.net,vtgrbhy,219301993
brbarret@msn.com,vtgrbhy,219301994
bradl@outlook.com,vtgrbhy,219301995
facet@aol.com,vtgrbhy,219301996
shazow@aol.com,vtgrbhy,219301997
baveja@optonline.net,vtgrbhy,219301998
mstrout@comcast.net,vtgrbhy,219301999
staikos@hotmail.com,vtgrbhy,219302000
dmouse@outlook.com,vtgrbhy,219302001
roesch@aol.com,vtgrbhy,219302002
osrin@sbcglobal.net,vtgrbhy,219302003
vganesh@hotmail.com,vtgrbhy,219302004
elflord@att.net,vtgrbhy,219302005
jipsen@me.com,vtgrbhy,219302006
crobles@verizon.net,vtgrbhy,219302007
meinkej@msn.com,vtgrbhy,219302008
zeitlin@live.com,vtgrbhy,219302009
oster@optonline.net,vtgrbhy,219302010
dkrishna@att.net,vtgrbhy,219302011
willg@icloud.com,vtgrbhy,219302012
leakin@aol.com,vtgrbhy,219302013
hutton@yahoo.com,vtgrbhy,219302014
tellis@hotmail.com,vtgrbhy,219302015
nichoj@sbcglobal.net,vtgrbhy,219302016
scarlet@comcast.net,vtgrbhy,219302017
ardagna@outlook.com,vtgrbhy,219302018
scitext@hotmail.com,vtgrbhy,219302019
wmszeliga@live.com,vtgrbhy,219302020
kspiteri@msn.com,vtgrbhy,219302021
amcuri@verizon.net,vtgrbhy,219302022
mdielmann@sbcglobal.net,vtgrbhy,219302023
harpes@comcast.net,vtgrbhy,219302024
chrwin@yahoo.com,vtgrbhy,219302025
garyjb@outlook.com,vtgrbhy,219302026
chunzi@gmail.com,vtgrbhy,219302027
gboss@live.com,vtgrbhy,219302028
citadel@me.com,vtgrbhy,219302029
fairbank@hotmail.com,vtgrbhy,219302030
lbaxter@live.com,vtgrbhy,219302031
lishoy@verizon.net,vtgrbhy,219302032
lcheng@hotmail.com,vtgrbhy,219302033
mfburgo@msn.com,vtgrbhy,219302034
ngedmond@comcast.net,vtgrbhy,219302035
garland@me.com,vtgrbhy,219302036
report@att.net,vtgrbhy,219302037
vertigo@gmail.com,vtgrbhy,219302038
sopwith@live.com,vtgrbhy,219302039
nasarius@optonline.net,vtgrbhy,219302040
isaacson@aol.com,vtgrbhy,219302041
frosal@sbcglobal.net,vtgrbhy,219302042
bflong@verizon.net,vtgrbhy,219302043
chaki@live.com,vtgrbhy,219302044
jlbaumga@gmail.com,vtgrbhy,219302045
pspoole@yahoo.com,vtgrbhy,219302046
themer@hotmail.com,vtgrbhy,219302047
jandrese@mac.com,vtgrbhy,219302048
dgriffith@hotmail.com,vtgrbhy,219302049
kaiser@optonline.net,vtgrbhy,219302050
petersko@yahoo.com,vtgrbhy,219302051
bbirth@live.com,vtgrbhy,219302052
doormat@aol.com,vtgrbhy,219302053
hwestiii@aol.com,vtgrbhy,219302054
msloan@gmail.com,vtgrbhy,219302055
cameron@optonline.net,vtgrbhy,219302056
ahmad@live.com,vtgrbhy,219302057
saridder@mac.com,vtgrbhy,219302058
kronvold@yahoo.ca,vtgrbhy,219302059
farber@comcast.net,vtgrbhy,219302060
smallpaul@live.com,vtgrbhy,219302061
rddesign@att.net,vtgrbhy,219302062
jsbach@me.com,vtgrbhy,219302063
tbeck@outlook.com,vtgrbhy,219302064
murty@comcast.net,vtgrbhy,219302065
bartak@outlook.com,vtgrbhy,219302066
rkobes@live.com,vtgrbhy,219302067
phish@optonline.net,vtgrbhy,219302068
alastair@verizon.net,vtgrbhy,219302069
nimaclea@att.net,vtgrbhy,219302070
sassen@icloud.com,vtgrbhy,219302071
drolsky@outlook.com,vtgrbhy,219302072
muzzy@gmail.com,vtgrbhy,219302073
stecoop@live.com,vtgrbhy,219302074
sartak@yahoo.com,vtgrbhy,219302075
rkobes@att.net,vtgrbhy,219302076
dowdy@aol.com,vtgrbhy,219302077
jfriedl@att.net,vtgrbhy,219302078
shrapnull@optonline.net,vtgrbhy,219302079
aukjan@outlook.com,vtgrbhy,219302080
keiji@icloud.com,vtgrbhy,219302081
overbom@aol.com,vtgrbhy,219302082
grdschl@hotmail.com,vtgrbhy,219302083
