name,email,registration_number,status,faculty_mail,faculty_name
devshalin,dev.219301509@muj.manipal.edu,219301509,pending,_mail_,_name_
deagrawal,devagrawaltp@gmail.com,219301510,pending,_mail_,_name_
qwer,devagrawaltp1@gmail.com,219301511,pending,_mail_,_name_
qwere,devagrawaltp2@gmail.com,219301512,pending,_mail_,_name_
qwerty,devagrawaltp3@gmail.com,219301513,pending,_mail_,_name_
qwertyu,devagrawaltp4@gmail.com,219301514,pending,_mail_,_name_
ertyui,devagrawaltp5@gmail.com,219301515,pending,_mail_,_name_
edr,devagrawaltp6@gmail.com,219301516,pending,_mail_,_name_
ghnbh,devagrawaltp7@gmail.com,219301517,pending,_mail_,_name_
cedx,devagrawaltp8@gmail.com,219301518,pending,_mail_,_name_
xed2,devagrawaltp9@gmail.com,219301519,pending,_mail_,_name_
x2ed,devagrawaltp10@gmail.com,219301520,pending,_mail_,_name_
x2ed,devagrawaltp11@gmail.com,219301521,pending,_mail_,_name_
x2ed,devagrawaltp12@gmail.com,219301522,pending,_mail_,_name_
2x3,devagrawaltp13@gmail.com,219301523,pending,_mail_,_name_
wsxedcfr,devagrawaltp14@gmail.com,219301524,pending,_mail_,_name_
fcetgrbhy,devagrawaltp15@gmail.com,219301525,pending,_mail_,_name_
rgbhy,devagrawaltp16@gmail.com,219301526,pending,_mail_,_name_
vtgrbhy,devagrawaltp17@gmail.com,219301527,pending,_mail_,_name_
vtgrbhy,geebe@sbcglobal.net,219301528,pending,_mail_,_name_
vtgrbhy,symbolic@optonline.net,219301529,pending,_mail_,_name_
vtgrbhy,kassiesa@sbcglobal.net,219301530,pending,_mail_,_name_
vtgrbhy,dogdude@yahoo.com,219301531,pending,_mail_,_name_
vtgrbhy,bockelboy@icloud.com,219301532,pending,_mail_,_name_
vtgrbhy,eimear@icloud.com,219301533,pending,_mail_,_name_
vtgrbhy,jgwang@hotmail.com,219301534,pending,_mail_,_name_
vtgrbhy,chronos@yahoo.com,219301535,pending,_mail_,_name_
vtgrbhy,nighthawk@me.com,219301536,pending,_mail_,_name_
vtgrbhy,morain@icloud.com,219301537,pending,_mail_,_name_
vtgrbhy,joglo@live.com,219301538,pending,_mail_,_name_
vtgrbhy,yangyan@att.net,219301539,pending,_mail_,_name_
vtgrbhy,scottzed@icloud.com,219301540,pending,_mail_,_name_
vtgrbhy,airship@yahoo.ca,219301541,pending,_mail_,_name_
vtgrbhy,improv@sbcglobal.net,219301542,pending,_mail_,_name_
vtgrbhy,ajohnson@gmail.com,219301543,pending,_mail_,_name_
vtgrbhy,nweaver@yahoo.com,219301544,pending,_mail_,_name_
vtgrbhy,conteb@att.net,219301545,pending,_mail_,_name_
vtgrbhy,tbmaddux@outlook.com,219301546,pending,_mail_,_name_
vtgrbhy,imightb@comcast.net,219301547,pending,_mail_,_name_
vtgrbhy,pspoole@me.com,219301548,pending,_mail_,_name_
vtgrbhy,kassiesa@yahoo.com,219301549,pending,_mail_,_name_
vtgrbhy,pjacklam@outlook.com,219301550,pending,_mail_,_name_
vtgrbhy,rhialto@yahoo.ca,219301551,pending,_mail_,_name_
vtgrbhy,jusdisgi@icloud.com,219301552,pending,_mail_,_name_
vtgrbhy,bhtower@outlook.com,219301553,pending,_mail_,_name_
vtgrbhy,warrior@icloud.com,219301555,pending,_mail_,_name_
vtgrbhy,tangsh@comcast.net,219301556,pending,_mail_,_name_
vtgrbhy,lishoy@live.com,219301557,pending,_mail_,_name_
vtgrbhy,tamas@icloud.com,219301558,pending,_mail_,_name_
vtgrbhy,delpino@yahoo.com,219301559,pending,_mail_,_name_
vtgrbhy,bryanw@gmail.com,219301560,pending,_mail_,_name_
vtgrbhy,andrei@live.com,219301561,pending,_mail_,_name_
vtgrbhy,osrin@verizon.net,219301562,pending,_mail_,_name_
vtgrbhy,duchamp@outlook.com,219301563,pending,_mail_,_name_
vtgrbhy,bflong@att.net,219301564,pending,_mail_,_name_
vtgrbhy,fudrucker@aol.com,219301565,pending,_mail_,_name_
vtgrbhy,osaru@aol.com,219301566,pending,_mail_,_name_
vtgrbhy,hikoza@yahoo.com,219301567,pending,_mail_,_name_
vtgrbhy,hakim@yahoo.ca,219301568,pending,_mail_,_name_
vtgrbhy,henkp@mac.com,219301569,pending,_mail_,_name_
vtgrbhy,jfinke@yahoo.com,219301570,pending,_mail_,_name_
vtgrbhy,hmbrand@optonline.net,219301571,pending,_mail_,_name_
vtgrbhy,dprice@verizon.net,219301572,pending,_mail_,_name_
vtgrbhy,hllam@aol.com,219301573,pending,_mail_,_name_
vtgrbhy,spadkins@aol.com,219301574,pending,_mail_,_name_
vtgrbhy,oster@gmail.com,219301575,pending,_mail_,_name_
vtgrbhy,rsteiner@yahoo.com,219301576,pending,_mail_,_name_
vtgrbhy,rgarton@gmail.com,219301577,pending,_mail_,_name_
vtgrbhy,chaffar@yahoo.ca,219301578,pending,_mail_,_name_
vtgrbhy,djpig@optonline.net,219301579,pending,_mail_,_name_
vtgrbhy,marnanel@live.com,219301580,pending,_mail_,_name_
vtgrbhy,alhajj@optonline.net,219301581,pending,_mail_,_name_
vtgrbhy,bcevc@mac.com,219301582,pending,_mail_,_name_
vtgrbhy,eidac@mac.com,219301583,pending,_mail_,_name_
vtgrbhy,unreal@live.com,219301584,pending,_mail_,_name_
vtgrbhy,kewley@outlook.com,219301585,pending,_mail_,_name_
vtgrbhy,william@msn.com,219301586,pending,_mail_,_name_
vtgrbhy,henkp@att.net,219301587,pending,_mail_,_name_
vtgrbhy,leocharre@att.net,219301588,pending,_mail_,_name_
vtgrbhy,slanglois@mac.com,219301589,pending,_mail_,_name_
vtgrbhy,zeitlin@icloud.com,219301590,pending,_mail_,_name_
vtgrbhy,pereinar@optonline.net,219301591,pending,_mail_,_name_
vtgrbhy,slaff@gmail.com,219301592,pending,_mail_,_name_
vtgrbhy,storerm@me.com,219301593,pending,_mail_,_name_
vtgrbhy,jespley@sbcglobal.net,219301594,pending,_mail_,_name_
vtgrbhy,padme@att.net,219301595,pending,_mail_,_name_
vtgrbhy,jginspace@aol.com,219301596,pending,_mail_,_name_
vtgrbhy,leslie@optonline.net,219301597,pending,_mail_,_name_
vtgrbhy,dartlife@msn.com,219301598,pending,_mail_,_name_
vtgrbhy,nwiger@aol.com,219301599,pending,_mail_,_name_
vtgrbhy,afifi@icloud.com,219301600,pending,_mail_,_name_
vtgrbhy,sbmrjbr@att.net,219301601,pending,_mail_,_name_
vtgrbhy,stakasa@sbcglobal.net,219301602,pending,_mail_,_name_
vtgrbhy,pkilab@att.net,219301603,pending,_mail_,_name_
vtgrbhy,webinc@live.com,219301604,pending,_mail_,_name_
vtgrbhy,jshirley@outlook.com,219301605,pending,_mail_,_name_
vtgrbhy,pemungkah@icloud.com,219301606,pending,_mail_,_name_
vtgrbhy,tezbo@mac.com,219301607,pending,_mail_,_name_
vtgrbhy,rtanter@yahoo.com,219301608,pending,_mail_,_name_
vtgrbhy,ijackson@aol.com,219301609,pending,_mail_,_name_
vtgrbhy,ismail@me.com,219301610,pending,_mail_,_name_
vtgrbhy,jramio@att.net,219301611,pending,_mail_,_name_
vtgrbhy,sburke@me.com,219301612,pending,_mail_,_name_
vtgrbhy,steve@mac.com,219301613,pending,_mail_,_name_
vtgrbhy,lahvak@live.com,219301614,pending,_mail_,_name_
vtgrbhy,mallanmba@optonline.net,219301615,pending,_mail_,_name_
vtgrbhy,horrocks@aol.com,219301616,pending,_mail_,_name_
vtgrbhy,engelen@comcast.net,219301617,pending,_mail_,_name_
vtgrbhy,maikelnai@gmail.com,219301618,pending,_mail_,_name_
vtgrbhy,matty@me.com,219301619,pending,_mail_,_name_
vtgrbhy,dawnsong@msn.com,219301620,pending,_mail_,_name_
vtgrbhy,qrczak@yahoo.ca,219301621,pending,_mail_,_name_
vtgrbhy,sisyphus@comcast.net,219301622,pending,_mail_,_name_
vtgrbhy,animats@optonline.net,219301623,pending,_mail_,_name_
vtgrbhy,attwood@msn.com,219301624,pending,_mail_,_name_
vtgrbhy,gomor@mac.com,219301625,pending,_mail_,_name_
vtgrbhy,augusto@att.net,219301626,pending,_mail_,_name_
vtgrbhy,aschmitz@verizon.net,219301627,pending,_mail_,_name_
vtgrbhy,snunez@icloud.com,219301628,pending,_mail_,_name_
vtgrbhy,dgatwood@att.net,219301629,pending,_mail_,_name_
vtgrbhy,suresh@verizon.net,219301630,pending,_mail_,_name_
vtgrbhy,frederic@aol.com,219301631,pending,_mail_,_name_
vtgrbhy,squirrel@optonline.net,219301632,pending,_mail_,_name_
vtgrbhy,noticias@att.net,219301633,pending,_mail_,_name_
vtgrbhy,codex@me.com,219301634,pending,_mail_,_name_
vtgrbhy,kudra@gmail.com,219301635,pending,_mail_,_name_
vtgrbhy,lahvak@me.com,219301636,pending,_mail_,_name_
vtgrbhy,demmel@hotmail.com,219301637,pending,_mail_,_name_
vtgrbhy,milton@msn.com,219301638,pending,_mail_,_name_
vtgrbhy,hmbrand@hotmail.com,219301639,pending,_mail_,_name_
vtgrbhy,pierce@yahoo.ca,219301640,pending,_mail_,_name_
vtgrbhy,meinkej@att.net,219301641,pending,_mail_,_name_
vtgrbhy,metzzo@comcast.net,219301642,pending,_mail_,_name_
vtgrbhy,balchen@gmail.com,219301643,pending,_mail_,_name_
vtgrbhy,konit@aol.com,219301644,pending,_mail_,_name_
vtgrbhy,drolsky@yahoo.com,219301645,pending,_mail_,_name_
vtgrbhy,jaffe@aol.com,219301646,pending,_mail_,_name_
vtgrbhy,monkeydo@outlook.com,219301647,pending,_mail_,_name_
vtgrbhy,goresky@yahoo.com,219301648,pending,_mail_,_name_
vtgrbhy,mavilar@comcast.net,219301649,pending,_mail_,_name_
vtgrbhy,atmarks@icloud.com,219301650,pending,_mail_,_name_
vtgrbhy,zeller@optonline.net,219301651,pending,_mail_,_name_
vtgrbhy,thaljef@icloud.com,219301652,pending,_mail_,_name_
vtgrbhy,samavati@icloud.com,219301653,pending,_mail_,_name_
vtgrbhy,mcraigw@me.com,219301654,pending,_mail_,_name_
vtgrbhy,uqmcolyv@comcast.net,219301655,pending,_mail_,_name_
vtgrbhy,psichel@msn.com,219301656,pending,_mail_,_name_
vtgrbhy,leslie@sbcglobal.net,219301657,pending,_mail_,_name_
vtgrbhy,chrisj@yahoo.com,219301658,pending,_mail_,_name_
vtgrbhy,bahwi@aol.com,219301659,pending,_mail_,_name_
vtgrbhy,cmdrgravy@mac.com,219301660,pending,_mail_,_name_
vtgrbhy,drjlaw@msn.com,219301661,pending,_mail_,_name_
vtgrbhy,inico@outlook.com,219301662,pending,_mail_,_name_
vtgrbhy,jemarch@comcast.net,219301663,pending,_mail_,_name_
vtgrbhy,jipsen@outlook.com,219301664,pending,_mail_,_name_
vtgrbhy,noneme@att.net,219301665,pending,_mail_,_name_
vtgrbhy,gslondon@outlook.com,219301666,pending,_mail_,_name_
vtgrbhy,hahsler@gmail.com,219301667,pending,_mail_,_name_
vtgrbhy,thassine@icloud.com,219301668,pending,_mail_,_name_
vtgrbhy,tubesteak@yahoo.ca,219301669,pending,_mail_,_name_
vtgrbhy,helger@me.com,219301670,pending,_mail_,_name_
vtgrbhy,bdbrown@yahoo.com,219301671,pending,_mail_,_name_
vtgrbhy,muadip@sbcglobal.net,219301672,pending,_mail_,_name_
vtgrbhy,geekgrl@live.com,219301673,pending,_mail_,_name_
vtgrbhy,fviegas@optonline.net,219301674,pending,_mail_,_name_
vtgrbhy,liedra@verizon.net,219301675,pending,_mail_,_name_
vtgrbhy,chunzi@att.net,219301676,pending,_mail_,_name_
vtgrbhy,gospodin@outlook.com,219301677,pending,_mail_,_name_
vtgrbhy,danneng@mac.com,219301678,pending,_mail_,_name_
vtgrbhy,phish@yahoo.ca,219301679,pending,_mail_,_name_
vtgrbhy,peoplesr@yahoo.com,219301680,pending,_mail_,_name_
vtgrbhy,psharpe@verizon.net,219301681,pending,_mail_,_name_
vtgrbhy,iapetus@me.com,219301682,pending,_mail_,_name_
vtgrbhy,portele@me.com,219301683,pending,_mail_,_name_
vtgrbhy,esbeck@aol.com,219301684,pending,_mail_,_name_
vtgrbhy,klaudon@verizon.net,219301685,pending,_mail_,_name_
vtgrbhy,schwaang@outlook.com,219301686,pending,_mail_,_name_
vtgrbhy,pakaste@verizon.net,219301687,pending,_mail_,_name_
vtgrbhy,thrymm@yahoo.ca,219301688,pending,_mail_,_name_
vtgrbhy,ehood@verizon.net,219301689,pending,_mail_,_name_
vtgrbhy,pgolle@hotmail.com,219301690,pending,_mail_,_name_
vtgrbhy,frode@live.com,219301691,pending,_mail_,_name_
vtgrbhy,skoch@verizon.net,219301692,pending,_mail_,_name_
vtgrbhy,pgottsch@verizon.net,219301693,pending,_mail_,_name_
vtgrbhy,alastair@gmail.com,219301694,pending,_mail_,_name_
vtgrbhy,british@live.com,219301695,pending,_mail_,_name_
vtgrbhy,ngedmond@mac.com,219301696,pending,_mail_,_name_
vtgrbhy,cfhsoft@verizon.net,219301697,pending,_mail_,_name_
vtgrbhy,sblack@me.com,219301698,pending,_mail_,_name_
vtgrbhy,tellis@att.net,219301699,pending,_mail_,_name_
vtgrbhy,adillon@gmail.com,219301700,pending,_mail_,_name_
vtgrbhy,mbswan@aol.com,219301701,pending,_mail_,_name_
vtgrbhy,british@yahoo.com,219301702,pending,_mail_,_name_
vtgrbhy,chaikin@aol.com,219301703,pending,_mail_,_name_
vtgrbhy,saridder@verizon.net,219301704,pending,_mail_,_name_
vtgrbhy,damian@sbcglobal.net,219301705,pending,_mail_,_name_
vtgrbhy,neonatus@live.com,219301706,pending,_mail_,_name_
vtgrbhy,gemmell@gmail.com,219301707,pending,_mail_,_name_
vtgrbhy,kramulous@comcast.net,219301708,pending,_mail_,_name_
vtgrbhy,fviegas@msn.com,219301709,pending,_mail_,_name_
vtgrbhy,yfreund@comcast.net,219301710,pending,_mail_,_name_
vtgrbhy,curly@msn.com,219301711,pending,_mail_,_name_
vtgrbhy,bogjobber@live.com,219301712,pending,_mail_,_name_
vtgrbhy,johnh@yahoo.com,219301713,pending,_mail_,_name_
vtgrbhy,lridener@live.com,219301714,pending,_mail_,_name_
vtgrbhy,mddallara@mac.com,219301715,pending,_mail_,_name_
vtgrbhy,ebassi@msn.com,219301716,pending,_mail_,_name_
vtgrbhy,stefano@live.com,219301717,pending,_mail_,_name_
vtgrbhy,attwood@mac.com,219301718,pending,_mail_,_name_
vtgrbhy,mrdvt@live.com,219301719,pending,_mail_,_name_
vtgrbhy,noahb@hotmail.com,219301720,pending,_mail_,_name_
vtgrbhy,suresh@yahoo.com,219301721,pending,_mail_,_name_
vtgrbhy,pakaste@hotmail.com,219301722,pending,_mail_,_name_
vtgrbhy,weidai@aol.com,219301723,pending,_mail_,_name_
vtgrbhy,schumer@live.com,219301724,pending,_mail_,_name_
vtgrbhy,johnbob@verizon.net,219301725,pending,_mail_,_name_
vtgrbhy,mwandel@msn.com,219301726,pending,_mail_,_name_
vtgrbhy,dbanarse@verizon.net,219301727,pending,_mail_,_name_
vtgrbhy,torgox@mac.com,219301728,pending,_mail_,_name_
vtgrbhy,codex@gmail.com,219301729,pending,_mail_,_name_
vtgrbhy,lbecchi@hotmail.com,219301730,pending,_mail_,_name_
vtgrbhy,drolsky@me.com,219301731,pending,_mail_,_name_
vtgrbhy,damian@comcast.net,219301732,pending,_mail_,_name_
vtgrbhy,penna@sbcglobal.net,219301733,pending,_mail_,_name_
vtgrbhy,yzheng@optonline.net,219301734,pending,_mail_,_name_
vtgrbhy,gtaylor@yahoo.com,219301735,pending,_mail_,_name_
vtgrbhy,william@sbcglobal.net,219301736,pending,_mail_,_name_
vtgrbhy,arnold@verizon.net,219301737,pending,_mail_,_name_
vtgrbhy,wbarker@outlook.com,219301738,pending,_mail_,_name_
vtgrbhy,emmanuel@verizon.net,219301739,pending,_mail_,_name_
vtgrbhy,naupa@live.com,219301740,pending,_mail_,_name_
vtgrbhy,fmerges@yahoo.ca,219301741,pending,_mail_,_name_
vtgrbhy,stomv@outlook.com,219301742,pending,_mail_,_name_
vtgrbhy,bastian@live.com,219301743,pending,_mail_,_name_
vtgrbhy,geeber@outlook.com,219301744,pending,_mail_,_name_
vtgrbhy,bmcmahon@me.com,219301745,pending,_mail_,_name_
vtgrbhy,michiel@hotmail.com,219301746,pending,_mail_,_name_
vtgrbhy,dbrobins@att.net,219301747,pending,_mail_,_name_
vtgrbhy,malin@sbcglobal.net,219301748,pending,_mail_,_name_
vtgrbhy,webinc@att.net,219301749,pending,_mail_,_name_
vtgrbhy,boomzilla@optonline.net,219301750,pending,_mail_,_name_
vtgrbhy,purvis@live.com,219301751,pending,_mail_,_name_
vtgrbhy,rfisher@icloud.com,219301752,pending,_mail_,_name_
vtgrbhy,dsowsy@msn.com,219301753,pending,_mail_,_name_
vtgrbhy,mgreen@outlook.com,219301754,pending,_mail_,_name_
vtgrbhy,jsmith@me.com,219301755,pending,_mail_,_name_
vtgrbhy,carreras@msn.com,219301756,pending,_mail_,_name_
vtgrbhy,fatelk@att.net,219301757,pending,_mail_,_name_
vtgrbhy,world@me.com,219301758,pending,_mail_,_name_
vtgrbhy,hllam@verizon.net,219301759,pending,_mail_,_name_
vtgrbhy,yruan@sbcglobal.net,219301760,pending,_mail_,_name_
vtgrbhy,mailarc@sbcglobal.net,219301761,pending,_mail_,_name_
vtgrbhy,lauronen@mac.com,219301762,pending,_mail_,_name_
vtgrbhy,itstatus@att.net,219301763,pending,_mail_,_name_
vtgrbhy,jgoerzen@att.net,219301764,pending,_mail_,_name_
vtgrbhy,cosimo@aol.com,219301765,pending,_mail_,_name_
vtgrbhy,ebassi@outlook.com,219301766,pending,_mail_,_name_
vtgrbhy,amichalo@aol.com,219301767,pending,_mail_,_name_
vtgrbhy,druschel@live.com,219301768,pending,_mail_,_name_
vtgrbhy,snunez@hotmail.com,219301769,pending,_mail_,_name_
vtgrbhy,mglee@live.com,219301770,pending,_mail_,_name_
vtgrbhy,codex@msn.com,219301771,pending,_mail_,_name_
vtgrbhy,bebing@msn.com,219301772,pending,_mail_,_name_
vtgrbhy,glenz@gmail.com,219301773,pending,_mail_,_name_
vtgrbhy,konst@msn.com,219301774,pending,_mail_,_name_
vtgrbhy,jbarta@icloud.com,219301775,pending,_mail_,_name_
vtgrbhy,bsikdar@aol.com,219301776,pending,_mail_,_name_
vtgrbhy,roamer@comcast.net,219301777,pending,_mail_,_name_