name,email,description_link,noOfStudent,full
dev agra,devagrawal28@gmail.com,_description_link_,1,true
devshalinkumar,devsagrawal28@gmail.com,_description_link_,0,false
devshalinkumar,meinkej@mac.com,_description_link_,0,false
devshalinkumar,lauronen@hotmail.com,_description_link_,0,false
devshalinkumar,flaviog@me.com,_description_link_,0,false
devshalinkumar,stinson@hotmail.com,_description_link_,0,false
devshalinkumar,kjetilk@mac.com,_description_link_,0,false
devshalinkumar,skythe@comcast.net,_description_link_,0,false
devshalinkumar,evilopie@comcast.net,_description_link_,0,false
devshalinkumar,jrifkin@outlook.com,_description_link_,0,false
devshalinkumar,retoh@hotmail.com,_description_link_,0,false
devshalinkumar,irving@icloud.com,_description_link_,0,false
devshalinkumar,chrwin@hotmail.com,_description_link_,0,false
devshalinkumar,ianbuck@outlook.com,_description_link_,0,false
devshalinkumar,monopole@aol.com,_description_link_,0,false
devshalinkumar,seemant@comcast.net,_description_link_,0,false
devshalinkumar,helger@mac.com,_description_link_,0,false
devshalinkumar,cosimo@mac.com,_description_link_,0,false
devshalinkumar,cgreuter@hotmail.com,_description_link_,0,false
devshalinkumar,bdbrown@msn.com,_description_link_,0,false
devshalinkumar,eegsa@att.net,_description_link_,0,false
devshalinkumar,galbra@sbcglobal.net,_description_link_,0,false
devshalinkumar,mcrawfor@yahoo.ca,_description_link_,0,false
devshalinkumar,improv@optonline.net,_description_link_,0,false
devshalinkumar,stevelim@mac.com,_description_link_,0,false
devshalinkumar,corrada@me.com,_description_link_,0,false
devshalinkumar,redingtn@gmail.com,_description_link_,0,false
devshalinkumar,reeds@live.com,_description_link_,0,false
devshalinkumar,mahbub@yahoo.com,_description_link_,0,false
devshalinkumar,noodles@msn.com,_description_link_,0,false
devshalinkumar,epeeist@yahoo.ca,_description_link_,0,false
devshalinkumar,pemungkah@comcast.net,_description_link_,0,false
devshalinkumar,jeffcovey@att.net,_description_link_,0,false
devshalinkumar,starstuff@live.com,_description_link_,0,false
devshalinkumar,mhanoh@aol.com,_description_link_,0,false
devshalinkumar,granboul@comcast.net,_description_link_,0,false
devshalinkumar,animats@sbcglobal.net,_description_link_,0,false
devshalinkumar,jemarch@live.com,_description_link_,0,false
devshalinkumar,rsteiner@hotmail.com,_description_link_,0,false
devshalinkumar,andale@yahoo.ca,_description_link_,0,false
devshalinkumar,report@aol.com,_description_link_,0,false
devshalinkumar,msroth@icloud.com,_description_link_,0,false
devshalinkumar,muadip@aol.com,_description_link_,0,false
devshalinkumar,farber@optonline.net,_description_link_,0,false
devshalinkumar,neuffer@comcast.net,_description_link_,0,false
devshalinkumar,dieman@icloud.com,_description_link_,0,false
devshalinkumar,jdhedden@outlook.com,_description_link_,0,false
devshalinkumar,seemant@sbcglobal.net,_description_link_,0,false
devshalinkumar,dburrows@icloud.com,_description_link_,0,false
devshalinkumar,gavollink@aol.com,_description_link_,0,false
devshalinkumar,msherr@att.net,_description_link_,0,false
devshalinkumar,garyjb@yahoo.ca,_description_link_,0,false
devshalinkumar,overbom@yahoo.com,_description_link_,0,false
devshalinkumar,gravyface@icloud.com,_description_link_,0,false
devshalinkumar,magusnet@mac.com,_description_link_,0,false
devshalinkumar,kjohnson@mac.com,_description_link_,0,false
devshalinkumar,sopwith@hotmail.com,_description_link_,0,false
devshalinkumar,pthomsen@optonline.net,_description_link_,0,false
devshalinkumar,pplinux@verizon.net,_description_link_,0,false
devshalinkumar,jacks@comcast.net,_description_link_,0,false
devshalinkumar,cosimo@comcast.net,_description_link_,0,false
devshalinkumar,multiplx@yahoo.ca,_description_link_,0,false
devshalinkumar,studyabr@yahoo.com,_description_link_,0,false
devshalinkumar,drolsky@yahoo.com,_description_link_,0,false
devshalinkumar,njpayne@mac.com,_description_link_,0,false
devshalinkumar,howler@comcast.net,_description_link_,0,false
devshalinkumar,gastown@optonline.net,_description_link_,0,false
devshalinkumar,jdray@mac.com,_description_link_,0,false
devshalinkumar,sjava@icloud.com,_description_link_,0,false
devshalinkumar,mnemonic@comcast.net,_description_link_,0,false
devshalinkumar,dwsauder@mac.com,_description_link_,0,false
devshalinkumar,matloff@mac.com,_description_link_,0,false
devshalinkumar,gbacon@optonline.net,_description_link_,0,false
devshalinkumar,ardagna@mac.com,_description_link_,0,false
devshalinkumar,vganesh@hotmail.com,_description_link_,0,false
devshalinkumar,nasarius@yahoo.ca,_description_link_,0,false
devshalinkumar,skoch@outlook.com,_description_link_,0,false